destination,season,activity,recommended_items,famous_places,recommended_apps,tips
new york,summer,sightseeing,"sunglasses,camera,light jacket,water bottle,hat","central park,times square,rockefeller center,statue of liberty,empire state building,broadway","citymapper,opentable,google maps","get metrocards,stay hydrated,book tickets online"
paris,spring,sightseeing,"comfortable shoes,umbrella,camera,light scarf","eiffel tower,louvre museum,notre-dame cathedral,arc de triomphe,champs-élysées","RATP,TheFork,Google Maps","learn basic french phrases,buy museum pass,watch for pickpockets"
london,summer,sightseeing,"umbrella,light layers,adapter,oyster card","buckingham palace,tower of london,british museum,big ben,london eye","Citymapper,OpenTable,Google Maps","use the tube,book theatre tickets in advance"
tokyo,spring,sightseeing,"comfortable shoes,portable wifi,pasmo card","tokyo skytree,senso-ji temple,shibuya crossing,shinjuku gyoen,meiji shrine","Japan Travel by Navitime,Google Translate,Suica","buy a rail pass,bow when greeting,carry cash"
rome,autumn,sightseeing,"walking shoes,camera,refillable water bottle","colosseum,roman forum,trevi fountain,pantheon,vatican city","Google Maps,TheFork,ATM Finder","book skip-the-line tickets,refill water at nasoni fountains"
sydney,summer,outdoors,"sunscreen,swimsuit,hat,sunglasses","sydney opera house,sydney harbour bridge,bondi beach,taronga zoo","TripView,OpenTable,Google Maps","climb the harbour bridge,use opal card for transport"
dubai,winter,sightseeing,"light layers,sunglasses,camera,modest clothing","burj khalifa,dubai mall,palm jumeirah,burj al arab","Careem,Google Maps,The Entertainer","dress modestly in public places,book desert safari"
kyoto,autumn,cultural exploration,"comfortable shoes,camera,light jacket","fushimi inari shrine,kiyomizu-dera,arashiyama bamboo grove,golden pavilion","Japan Travel by Navitime,Google Translate,Suica","try a tea ceremony,visit during cherry blossom season"
barcelona,summer,sightseeing,"sunscreen,swimsuit,comfortable shoes","sagrada familia,park güell,la rambla,casa batlló","Google Maps,MyTaxi,TheFork","beware of pickpockets,book attractions online"
cairo,winter,sightseeing,"sun hat,scarf,sunglasses,comfortable shoes","giza pyramid complex,egyptian museum,khan el-khalili,sphinx","Careem,Google Maps","hire a guide,be prepared to bargain"
rio de janeiro,summer,outdoors,"sunscreen,swimsuit,hat,light clothing","christ the redeemer,sugarloaf mountain,copacabana beach,ipanema beach","Google Maps,99Taxis","be cautious with valuables,learn some portuguese"
amsterdam,spring,sightseeing,"rain jacket,bicycle,comfortable shoes","van gogh museum,anne frank house,rijksmuseum,jordan district","9292,Google Maps,Bol.com","rent a bike,book museums well in advance"
venice,spring,sightseeing,"comfortable shoes,camera,map","st. mark's square,doge's palace,rialto bridge,grand canal","Google Maps,AVM Venezia","get lost in the alleyways,ride a gondola"
prague,spring,sightseeing,"comfortable shoes,camera,light jacket","prague castle,charles bridge,old town square,astronomical clock","Google Maps,Liftago","try trdelník,walk along the vitava river"
hong kong,autumn,sightseeing,"comfortable shoes,octopus card,light layers","victoria peak,star ferry,tian tan buddha,monkok","MTR Mobile,OpenRice,Google Maps","take the star ferry,enjoy dim sum"
istanbul,spring,sightseeing,"comfortable shoes,scarf (for mosques),camera","hagia sophia,blue mosque,topkapi palace,grand bazaar","BiTaksi,Google Maps","visit a traditional hamam,try turkish delight"
san francisco,summer,sightseeing,"layered clothing,camera,comfortable shoes","golden gate bridge,alcatraz island,fisherman's wharf,pier 39","Google Maps,Uber,OpenTable","wear layers,fog is common,book alcatraz early"
moscow,summer,sightseeing,"passport,camera,comfortable shoes","red square,kremlin,st. basil's cathedral,bolshoi theatre","Yandex.Maps,Yandex.Taxi,Google Translate","keep passport handy,book ballet tickets"
athens,spring,sightseeing,"sun hat,sunglasses,water bottle,comfortable shoes","acropolis,parthenon,acropolis museum,plaka district","Beat,Google Maps","start early to avoid heat and crowds"
dublin,summer,sightseeing,"rain jacket,comfortable shoes,warm layers","guinness storehouse,trinity college,temple bar,dublin castle","Google Maps,MyTaxi","enjoy a pint in a pub,take a literary tour"
vienna,winter,cultural exploration,"warm coat,scarf,gloves,formal attire","schoenbrunn palace,belvedere palace,vienna state opera,st. stephen's cathedral","ÖBB,Google Maps","attend an opera,visit christmas markets"
beijing,autumn,sightseeing,"face mask,comfortable shoes,water bottle","great wall of china,forbidden city,temple of heaven,summer palace","Baidu Maps,WeChat,DiDi","be prepared for crowds,download a vpn"
machu picchu,dry season (May-Sep),hiking,"hiking boots,rain poncho,water bottle,passport","machu picchu,sacred valley,huayna picchu mountain","Google Maps,WhatsApp","book permits months in advance,acclimatize to altitude"
santorini,summer,relaxation,"sunscreen,swimsuit,hat,camera","oia village,fira,red beach,ancient thera","Google Maps","watch the sunset in oia,stay in a cave hotel"
bali,summer,outdoors,"insect repellent,sunscreen,light clothing,swimsuit","tegallalang rice terrace,uluwatu temple,monkey forest,tanah lot","GoJek,Grab,Google Maps","rent a scooter,respect temple customs"
banff,summer,hiking,"hiking boots,bear spray,water bottle,layers","lake louise,banff gondola,moraine lake,icefields parkway","AllTrails,Google Maps","get a parks pass,arrive early for parking"
reykjavik,summer,adventure,"waterproof jacket,warm layers,swimsuit,camera","blue lagoon,golden circle,northern lights,seljalandsfoss waterfall","Google Maps,Appy Hour","rent a 4x4 for exploring,book lagoons in advance"
petra,spring,sightseeing,"sun hat,comfortable shoes,water bottle,headscarf","the treasury,the monastery,royal tombs,siq canyon","Google Maps","arrive at opening time to avoid crowds,hire a guide"
angkor wat,dry season (Nov-Apr),sightseeing,"sunrise start,water,light clothing,passport","angkor wat,ta prohm,angkor thom,bayon temple","Grab,Google Maps","buy a multi-day pass,hire a tuk-tuk driver"
new orleans,spring,food & music,"comfortable shoes,rain poncho,appetite","french quarter,bourbon street,preservation hall,jackson square","Google Maps,UberEats","try beignets,listen to jazz,go for mardi gras"
marrakech,spring,sightseeing,"comfortable shoes,sunglasses,bargaining skills","jemaa el-fnaa,bahia palace,majorelle garden,atlas mountains","Careem,Google Maps","be prepared to bargain in souks,stay in a riad"
grand canyon,spring,hiking,"hiking boots,hat,sunglasses,water bottle","south rim,skywalk,havasu falls,bright angel trail","AllTrails,Google Maps","reserve lodging early,start hikes before sunrise"
serengeti,dry season (Jun-Oct),safari,"binoculars,neutral-colored clothing,camera,sun hat","serengeti national park,ngorongoro crater,olduvai gorge","Google Maps,SafariLink","book a reputable tour operator,great for migration"
yellowstone,summer,hiking & wildlife,"bear spray,hiking boots,binoculars,camera","old faithful,grand prismatic spring,yellowstone lake,lamar valley","National Park Service,Google Maps","stay on boardwalks,keep distance from wildlife"
maldives,summer,relaxation,"sunscreen,swimsuit,hat,underwater camera","male atoll,banana reef,maafushi island","Google Maps","choose your resort island carefully,great for snorkeling"
queenstown,winter,adventure sports,"warm layers,gloves,go-pro camera","skyline gondola,coronet peak,shotover jet,milford sound","Google Maps,Uber","try bungy jumping,book activities in advance"
las vegas,spring,entertainment,"comfortable shoes,sunglasses,formal attire","the strip,fremont street,bellagio fountains,red rock canyon","Uber,OpenTable,Google Maps","gamble responsibly,see a show,stay hydrated"
kruger national park,dry season (May-Sep),safari,"binoculars,camera,neutral clothing,sun hat","sabie sand game reserve,blyde river canyon","Google Maps,WhatsApp","self-driving or guided tours available,stay in rest camps"
antarctica,austral summer (Nov-Mar),expedition,"waterproof layers,binoculars,camera,seasickness pills","lemair channel,deception island,paulet island","Google Maps","book through a certified operator,prepare for rough seas"
jaipur,spring,sightseeing,"sun hat,comfortable shoes,light scarf","hawa mahal,amber fort,city palace,jantar mantar","Uber,Google Maps","hire a driver for the golden triangle,shop for textiles"
seoul,autumn,sightseeing,"comfortable shoes,t-money card,portable charger","gyeongbokgung palace,n seoul tower,myeongdong,bukchon hanok village","Naver Map,KakaoMap,KakaoT","try street food,visit a jjimjilbang (sauna)"
budapest,summer,sightseeing,"swimsuit,comfortable shoes,camera","budapest parliament,chain bridge,buda castle,széchenyi thermal bath","Bolt,Google Maps","take a dip in the thermal baths,danube river cruise"
edinburgh,summer,sightseeing,"rain jacket,comfortable shoes,warm layers","edinburgh castle,royal mile,arthur's seat,holyrood palace","Google Maps,Uber","visit during fringe festival,explore the closes"
mont saint-michel,summer,sightseeing,"tide timetable,comfortable shoes,camera","abbey of mont saint-michel,ramparts,medieval village","Google Maps","check tide times before visiting,stay overnight"
fjords of norway,summer,scenic cruise,"waterproof jacket,camera,warm layers,windows","geirangerfjord,nærøyfjord,pulpit rock,flåm railway","Google Maps,Vy","take a fjord cruise,ride the flåm railway"
mughal,summer,sightseeing,"sun hat,comfortable shoes,light clothing","taj mahal,agra fort,fatehpur sikri","Uber,Google Maps","visit taj mahal at sunrise,hire a guide for history"
yosemite,summer,hiking,"hiking boots,water bottle,bear canister,camera","el capitan,half dome,yosemite falls,glacier point","National Park Service,AllTrails","reservations required for entry in peak season,book lodging early"
cinque terre,summer,hiking,"hiking shoes,swimsuit,camera,water bottle","monterosso al mare,vernazza,corniglia,manarola,riomaggiore","Google Maps","buy a cinque terre card,hike the coastal trail"
santorini,summer,relaxation,"sunscreen,swimsuit,hat,camera","oia village,fira,red beach,ancient thera","Google Maps","watch the sunset in oia,stay in a cave hotel"
barcelona,summer,sightseeing,"sunscreen,swimsuit,comfortable shoes","sagrada familia,park güell,la rambla,casa batlló","Google Maps,MyTaxi,TheFork","beware of pickpockets,book attractions online"
machu picchu,dry season (May-Sep),hiking,"hiking boots,rain poncho,water bottle,passport","machu picchu,sacred valley,huayna picchu mountain","Google Maps,WhatsApp","book permits months in advance,acclimatize to altitude"
petra,spring,sightseeing,"sun hat,comfortable shoes,water bottle,headscarf","the treasury,the monastery,royal tombs,siq canyon","Google Maps","arrive at opening time to avoid crowds,hire a guide"
angkor wat,dry season (Nov-Apr),sightseeing,"sunrise start,water,light clothing,passport","angkor wat,ta prohm,angkor thom,bayon temple","Grab,Google Maps","buy a multi-day pass,hire a tuk-tuk driver"
new orleans,spring,food & music,"comfortable shoes,rain poncho,appetite","french quarter,bourbon street,preservation hall,jackson square","Google Maps,UberEats","try beignets,listen to jazz,go for mardi gras"
marrakech,spring,sightseeing,"comfortable shoes,sunglasses,bargaining skills","jemaa el-fnaa,bahia palace,majorelle garden,atlas mountains","Careem,Google Maps","be prepared to bargain in souks,stay in a riad"
grand canyon,spring,hiking,"hiking boots,hat,sunglasses,water bottle","south rim,skywalk,havasu falls,bright angel trail","AllTrails,Google Maps","reserve lodging early,start hikes before sunrise"
serengeti,dry season (Jun-Oct),safari,"binoculars,neutral-colored clothing,camera,sun hat","serengeti national park,ngorongoro crater,olduvai gorge","Google Maps,SafariLink","book a reputable tour operator,great for migration"
yellowstone,summer,hiking & wildlife,"bear spray,hiking boots,binoculars,camera","old faithful,grand prismatic spring,yellowstone lake,lamar valley","National Park Service,Google Maps","stay on boardwalks,keep distance from wildlife"
maldives,summer,relaxation,"sunscreen,swimsuit,hat,underwater camera","male atoll,banana reef,maafushi island","Google Maps","choose your resort island carefully,great for snorkeling"
queenstown,winter,adventure sports,"warm layers,gloves,go-pro camera","skyline gondola,coronet peak,shotover jet,milford sound","Google Maps,Uber","try bungy jumping,book activities in advance"
las vegas,spring,entertainment,"comfortable shoes,sunglasses,formal attire","the strip,fremont street,bellagio fountains,red rock canyon","Uber,OpenTable,Google Maps","gamble responsibly,see a show,stay hydrated"
kruger national park,dry season (May-Sep),safari,"binoculars,camera,neutral clothing,sun hat","sabie sand game reserve,blyde river canyon","Google Maps,WhatsApp","self-driving or guided tours available,stay in rest camps"
antarctica,austral summer (Nov-Mar),expedition,"waterproof layers,binoculars,camera,seasickness pills","lemair channel,deception island,paulet island","Google Maps","book through a certified operator,prepare for rough seas"
jaipur,spring,sightseeing,"sun hat,comfortable shoes,light scarf","hawa mahal,amber fort,city palace,jantar mantar","Uber,Google Maps","hire a driver for the golden triangle,shop for textiles"
seoul,autumn,sightseeing,"comfortable shoes,t-money card,portable charger","gyeongbokgung palace,n seoul tower,myeongdong,bukchon hanok village","Naver Map,KakaoMap,KakaoT","try street food,visit a jjimjilbang (sauna)"
budapest,summer,sightseeing,"swimsuit,comfortable shoes,camera","budapest parliament,chain bridge,buda castle,széchenyi thermal bath","Bolt,Google Maps","take a dip in the thermal baths,danube river cruise"
edinburgh,summer,sightseeing,"rain jacket,comfortable shoes,warm layers","edinburgh castle,royal mile,arthur's seat,holyrood palace","Google Maps,Uber","visit during fringe festival,explore the closes"
mont saint-michel,summer,sightseeing,"tide timetable,comfortable shoes,camera","abbey of mont saint-michel,ramparts,medieval village","Google Maps","check tide times before visiting,stay overnight"
fjords of norway,summer,scenic cruise,"waterproof jacket,camera,warm layers,windows","geirangerfjord,nærøyfjord,pulpit rock,flåm railway","Google Maps,Vy","take a fjord cruise,ride the flåm railway"
mughal,summer,sightseeing,"sun hat,comfortable shoes,light clothing","taj mahal,agra fort,fatehpur sikri","Uber,Google Maps","visit taj mahal at sunrise,hire a guide for history"
yosemite,summer,hiking,"hiking boots,water bottle,bear canister,camera","el capitan,half dome,yosemite falls,glacier point","National Park Service,AllTrails","reservations required for entry in peak season,book lodging early"
cinque terre,summer,hiking,"hiking shoes,swimsuit,camera,water bottle","monterosso al mare,vernazza,corniglia,manarola,riomaggiore","Google Maps","buy a cinque terre card,hike the coastal trail"


bangkok,summer,cultural tour,"light clothes,sunscreen,hat,water bottle,camera","grand palace,wat pho,chatuchak market,mbk center,asiatique riverfront","Google Maps,Grab,TripAdvisor","dress modestly,stay hydrated,use public transport"
lisbon,spring,sightseeing,"comfortable shoes,umbrella,sunscreen,camera","bejijn tower,alfama,jeronimos monastery,rossio square,25 april bridge","Carris,Google Maps,Visit Lisboa","buy public transport pass,watch for steep streets,try local food"
prague,autumn,sightseeing,"comfortable shoes,jacket,camera,water bottle","charles bridge,prague castle,old town square,astronomical clock,john lennon wall","PID App,Google Maps,GetYourGuide","wear layers,book tours in advance,carry water"
kyoto,autumn,cultural tour,"comfortable shoes,jacket,camera,umbrella","fushimi inari shrine,kinkaku-ji,kiyomizu-dera,gion district,arashiyama bamboo grove","Google Maps,Hyperdia,Japan Official Travel App","respect customs,carry cash,learn basic japanese"
venice,spring,sightseeing,"comfortable shoes,umbrella,camera,water bottle","st mark's basilica,grand canal,piazza san marco,doges palace,rialto bridge","Venice Connected,Google Maps,Actv Venezia","wear comfortable shoes,avoid flooding times,book tickets early"
hawaii,summer,beach and hiking,"swimsuit,sunscreen,hiking boots,hat,camera","waikiki beach,diamond head,volcanoes national park,haleakala,nāpali coast","Google Maps,AllTrails,TripAdvisor","apply sunscreen,stay hydrated,start hikes early"
amsterdam,summer,biking and sightseeing,"bike helmet,water bottle,comfortable clothes,camera","vondelpark,rijksmuseum,anne frank house,jordaan,canal belt","9292,Google Maps,Fiets","wear helmet,lock bike securely,book museums early"
dubai,summer,shopping and sightseeing,"sunglasses,sunscreen,comfortable shoes,camera","burj khalifa,dubai mall,palm jumeirah,dubai marina,dubai aquarium","Careem,Google Maps,Entertainer","stay hydrated,carry water,book desert safari"
cape town,summer,hiking and beach,"hiking boots,sunscreen,water bottle,swimsuit,camera","table mountain,clifton beach,robin island,cape point,kirstenbosch","Google Maps,AllTrails,Cape Town Tourism","start early,carry water,apply sunscreen"
new york,autumn,sightseeing,"jacket,camera,umbrella,comfortable shoes,water bottle","central park,times square,rockefeller center,soho,broadway","citymapper,Google Maps,OpenTable","layer clothing,book tickets in advance,carry water"
paris,summer,sightseeing,"sunglasses,hat,water bottle,camera,light clothes","eiffel tower,louvre,montmartre,notre-dame,seine river","RATP,TheFork,Citymapper","stay hydrated,buy tickets early,avoid peak hours"
tokyo,winter,cultural tour,"warm clothes,gloves,hat,camera,comfortable shoes","meiji shrine,senso-ji,shinjuku,ginza,akihabara","Google Maps,Hyperdia,Tabimori","dress warmly,use public transport,carry cash"
sydney,autumn,sightseeing,"jacket,camera,comfortable shoes,water bottle","opera house,bondi beach,darling harbour,the rocks,taronga zoo","Google Maps,TripView,OpenTable","layer clothes,book tours early,carry water"
rome,summer,sightseeing,"sunscreen,hat,comfortable shoes,camera,water bottle","colosseum,vatican,trevi fountain,pantheon,spanish steps","Rome2rio,Google Maps,TheFork","apply sunscreen,drink water,book tours online"
barcelona,autumn,sightseeing,"jacket,comfortable shoes,umbrella,camera,water bottle","sagrada familia,park güell,la rambla,casa batlló,barceloneta beach","TMB App,Google Maps,ElTenedor","carry water,wear layers,buy tickets in advance"
cape town,winter,hiking and sightseeing,"warm jacket,hiking boots,camera,water bottle,hat","table mountain,kirstenbosch gardens,robben island,cape point,bo-kaap","AllTrails,Google Maps,Cape Town Tourism","dress warmly,start early,carry water"
amsterdam,autumn,biking and sightseeing,"bike helmet,jacket,comfortable shoes,camera","anne frank house,rijksmuseum,vondelpark,canal belt,jordaan district","9292,Google Maps,Fiets","wear layers,lock bike securely,book tickets"
dubai,spring,sightseeing,"light jacket,sunscreen,camera,comfortable shoes","burj khalifa,dubai mall,palm jumeirah,dubai fountain,jumeirah mosque","Careem,Google Maps,The Entertainer","dress modestly,stay hydrated,book tours"
bali,autumn,beach and yoga,"yoga mat,light jacket,sunscreen,camera,comfortable clothes","kuta beach,ubud monkey forest,tanah lot temple,canggu beach,semiyak","Google Maps,Traveloka,Airbnb","respect customs,carry sunscreen,stay hydrated"
london,autumn,sightseeing,"jacket,umbrella,camera,comfortable shoes","big ben,london eye,buckingham palace,tower bridge,hyde park","Citymapper,Google Maps,OpenTable","layer clothing,watch for traffic,buy oyster card"
vancouver,autumn,hiking and sightseeing,"hiking boots,jacket,camera,water bottle,sunglasses","stanley park,grouse mountain,capilano suspension bridge,granville island,queen elizabeth park","Google Maps,AllTrails,TripAdvisor","carry water,start early,check weather"
rio de janeiro,winter,beach and sightseeing,"warm clothes,sunscreen,camera,water bottle,hat","copacabana beach,christ the redeemer,pão de açúcar,ipr janeiro,morada beach","Google Maps,Rio Guide,Cultura Rio","dress warmly,apply sunscreen,stay hydrated"
cairo,summer,cultural tour,"light clothes,sunscreen,hat,camera,water bottle","pyramids of giza,egyptian museum,khan el khalili,cairo tower,al-azhar park","Google Maps,Cairo Metro App,TripAdvisor","avoid midday heat,carry water,hire guide"
machu picchu,autumn,hiking and sightseeing,"hiking boots,hat,rain jacket,camera,water bottle","machu picchu,cusco,inca trail,guasca,lake titicaca","Google Maps,AllTrails,TripAdvisor","book permits early,carry water,acclimate altitude"
berlin,summer,cultural tour,"comfortable shoes,sunscreen,jacket,camera,water bottle","brandenburg gate,museum island,berlin wall,checkpoint charlie,reichstag building","BVG App,Google Maps,GetYourGuide","wear sun protection,use public transport,buy day pass"
bangkok,autumn,cultural tour,"light jacket,umbrella,water bottle,camera,sunscreen","grand palace,wat pho,chatuchak market,mbk center,asiatique riverfront","Grab,Google Maps,TripAdvisor","dress modestly,stay hydrated,use public transport"
lisbon,summer,sightseeing,"sunscreen,comfortable shoes,water bottle,camera,hat","bejijn tower,alfama,jeronimos monastery,rossio square,25 april bridge","Carris,Google Maps,Visit Lisboa","stay hydrated,buy transport pass,try local food"
prague,summer,sightseeing,"comfortable shoes,sunscreen,camera,water bottle,hat","charles bridge,prague castle,old town square,astronomical clock,john lennon wall","PID App,Google Maps,GetYourGuide","wear sun protection,buy tickets early,carry water"
kyoto,summer,cultural tour,"comfortable shoes,sunscreen,jacket,camera,umbrella","fushimi inari shrine,kinkaku-ji,kiyomizu-dera,gion district,arashiyama bamboo grove","Google Maps,Japan Rail,Japan Official Travel App","carry cash,respect customs,stay hydrated"
venice,summer,sightseeing,"comfortable shoes,sunscreen,hat,camera,umbrella","st mark's basilica,grand canal,piazza san marco,doges palace,rialto bridge","Venice Connected,Google Maps,Actv Venezia","stay hydrated,book tickets early,wear comfortable shoes"
hawaii,autumn,beach and hiking,"swimsuit,sunscreen,jacket,hat,camera","waikiki beach,diamond head,volcanoes national park,haleakala,nāpali coast","Google Maps,AllTrails,TripAdvisor","apply sunscreen,carry water,start hikes early"
amsterdam,winter,biking and sightseeing,"warm jacket,gloves,bike helmet,comfortable shoes,camera","vondelpark,rijksmuseum,anne frank house,jordaan,canal belt","9292,Google Maps,Fiets","dress warmly,lock bike securely,book museums early"
dubai,autumn,sightseeing,"jacket,sunglasses,camera,comfortable shoes","burj khalifa,dubai mall,palm jumeirah,dubai marina,dubai aquarium","Careem,Google Maps,Entertainer","dress warmly,carry water,book tours"
cape town,spring,hiking and beach,"jacket,hiking boots,camera,water bottle,hat","table mountain,clifton beach,robin island,cape point,kirstenbosch","Google Maps,AllTrails,Cape Town Tourism","start early,carry water,wear jacket"
new york,winter,sightseeing,"warm coat,hat,gloves,camera,umbrella","central park,times square,rockefeller center,statue of liberty,broadway","citymapper,Google Maps,OpenTable","dress warmly,book tickets online,carry umbrella"
paris,summer,sightseeing,"sunglasses,hat,water bottle,camera,light clothes","eiffel tower,louvre,montmartre,notre-dame,seine river","RATP,TheFork,Citymapper","stay hydrated,buy tickets early,avoid peak hours"
tokyo,spring,cultural tour,"comfortable shoes,umbrella,camera,portable charger","shibuya crossing,senso-ji temple,meiji shrine,tsukiji market,shinjuku gyoen","Google Maps,Hyperdia,Tabimori","carry cash,learn basic japanese,use public transport"
sydney,winter,sightseeing,"warm coat,camera,comfortable shoes,water bottle","opera house,bondi beach,darling harbour,the rocks,taronga zoo","Google Maps,TripView,OpenTable","dress warmly,carry water,book tours"
rome,autumn,sightseeing,"jacket,camera,comfortable shoes,umbrella,water bottle","colosseum,vatican,trevi fountain,pantheon,spanish steps","Rome2rio,Google Maps,TheFork","wear layers,buy tickets early,carry water"
barcelona,winter,sightseeing,"warm clothes,comfortable shoes,umbrella,camera,water bottle","sagrada familia,park güell,la rambla,casa batlló,barceloneta beach","TMB App,Google Maps,ElTenedor","dress warmly,carry umbrella,buy tickets early"
cape town,autumn,hiking and sightseeing,"jacket,hiking boots,camera,water bottle,hat","table mountain,kirstenbosch gardens,robben island,cape point,bo-kaap","AllTrails,Google Maps,Cape Town Tourism","start early,carry water,wear layers"
amsterdam,winter,biking and sightseeing,"warm jacket,jacket,comfortable shoes,camera","anne frank house,rijksmuseum,vondelpark,canal belt,jordaan district","9292,Google Maps,Fiets","dress warmly,lock bike securely,book museums"
dubai,summer,sightseeing,"sunscreen,hat,comfortable shoes,camera","burj khalifa,dubai mall,palm jumeirah,dubai fountain,jumeirah mosque","Careem,Google Maps,The Entertainer","stay hydrated,apply sunscreen,book tours"
bali,summer,beach and yoga,"swimsuit,sunscreen,yoga mat,light clothes,sunglasses","kuta beach,ubud monkey forest,tanah lot temple,canggu beach,semiyak","Google Maps,Traveloka,Airbnb","respect local customs,apply sunscreen,carry water"
london,winter,sightseeing,"warm coat,umbrella,camera,comfortable shoes","big ben,london eye,buckingham palace,tower bridge,hyde park","Citymapper,Google Maps,OpenTable","dress warmly,buy oyster card,watch traffic"
vancouver,winter,hiking and sightseeing,"warm jacket,hiking boots,camera,water bottle,sunglasses","stanley park,grouse mountain,capilano suspension bridge,granville island,queen elizabeth park","Google Maps,AllTrails,TripAdvisor","dress warmly,start early,carry water"
rio de janeiro,autumn,beach and sightseeing,"jacket,sunscreen,camera,water bottle,hat","copacabana beach,christ the redeemer,pão de açúcar,ipr janeiro,morada beach","Google Maps,Rio Guide,Cultura Rio","wear layers,apply sunscreen,stay hydrated"
cairo,winter,cultural tour,"warm clothes,jacket,hat,camera,water bottle","pyramids of giza,egyptian museum,khan el khalili,cairo tower,al-azhar park","Google Maps,Cairo Metro App,TripAdvisor","dress warmly,carry water,hire guide"
machu picchu,summer,hiking and sightseeing,"hiking boots,hat,camera,water bottle,sunscreen","machu picchu,cusco,inca trail,guasca,lake titicaca","Google Maps,AllTrails,TripAdvisor","book early,carry water,apply sunscreen"
berlin,winter,cultural tour,"warm jacket,gloves,camera,water bottle,comfortable shoes","brandenburg gate,museum island,berlin wall,checkpoint charlie,reichstag building","BVG App,Google Maps,GetYourGuide","dress warmly,use public transport,buy day pass"
bangkok,summer,cultural tour,"light clothes,sunscreen,hat,water bottle,camera","grand palace,wat pho,chatuchak market,mbk center,asiatique riverfront","Google Maps,Grab,TripAdvisor","stay hydrated,dress lightly,use public transport"
lisbon,autumn,sightseeing,"jacket,comfortable shoes,water bottle,camera,umbrella","bejijn tower,alfama,jeronimos monastery,rossio square,25 april bridge","Carris,Google Maps,Visit Lisboa","dress warmly,carry water,buy transport pass"
prague,winter,sightseeing,"warm clothes,jacket,camera,water bottle,gloves","charles bridge,prague castle,old town square,astronomical clock,john lennon wall","PID App,Google Maps,GetYourGuide","dress warmly,buy tickets early,carry water"
kyoto,spring,cultural tour,"comfortable shoes,umbrella,camera,light jacket","fushimi inari shrine,kinkaku-ji,kiyomizu-dera,gion district,arashiyama bamboo grove","Google Maps,Hyperdia,Japan Official Travel App","carry cash,respect customs,buy tickets early"
venice,autumn,sightseeing,"comfortable shoes,jacket,camera,umbrella,water bottle","st mark's basilica,grand canal,piazza san marco,doges palace,rialto bridge","Venice Connected,Google Maps,Actv Venezia","wear layers,buy tickets early,carry water"
hawaii,winter,beach and hiking,"warm clothes,jacket,sunscreen,hat,camera","waikiki beach,diamond head,volcanoes national park,haleakala,nāpali coast","Google Maps,AllTrails,TripAdvisor","dress warmly,apply sunscreen,carry water"
amsterdam,spring,biking and sightseeing,"comfortable shoes,umbrella,bike helmet,camera","vondelpark,rijksmuseum,anne frank house,jordaan,canal belt","9292,Google Maps,Fiets","wear comfortable shoes,lock bike securely,book in advance"
dubai,autumn,sightseeing,"jacket,sunglasses,camera,comfortable shoes","burj khalifa,dubai mall,palm jumeirah,dubai marina,dubai aquarium","Careem,Google Maps,Entertainer","dress warmly,carry water,book tours"
cape town,summer,hiking and beach,"hiking boots,sunscreen,water bottle,swimsuit,camera","table mountain,clifton beach,robin island,cape point,kirstenbosch","Google Maps,AllTrails,Cape Town Tourism","start early,carry water,apply sunscreen"
new york,spring,sightseeing,"comfortable shoes,umbrella,camera,light scarf","central park,times square,rockefeller center,statue of liberty,empire state building,broadway","citymapper,opentable,google maps","get metrocards,book tickets online,watch for pickpockets"
paris,summer,sightseeing,"sunglasses,hat,water bottle,camera,light clothes","eiffel tower,louvre,montmartre,notre-dame,seine river","RATP,TheFork,Citymapper","stay hydrated,buy tickets early,avoid peak hours"
tokyo,summer,cultural tour,"comfortable shoes,jacket,camera,portable charger","shibuya crossing,senso-ji temple,meiji shrine,tsukiji market,shinjuku gyoen","Google Maps,Hyperdia,Tabimori","carry cash,learn basic japanese,use public transport"
sydney,summer,sightseeing,"swimsuit,sunscreen,sunglasses,camera,water bottle","opera house,bondi beach,darling harbour,the rocks,taronga zoo","Google Maps,TripView,OpenTable","apply sunscreen,stay hydrated,book tours"
rome,summer,sightseeing,"sunscreen,hat,comfortable shoes,camera,water bottle","colosseum,vatican,trevi fountain,pantheon,spanish steps","Rome2rio,Google Maps,TheFork","apply sunscreen,drink water,book tours online"
barcelona,summer,sightseeing,"sunscreen,hat,camera,water bottle,comfortable shoes","sagrada familia,park güell,la rambla,casa batlló,barceloneta beach","TMB App,Google Maps,ElTenedor","book tickets online,avoid peak sun hours,carry water"
cape town,summer,hiking and beach,"hiking boots,sunscreen,water bottle,swimsuit,camera","table mountain,clifton beach,robin island,cape point,kirstenbosch","Google Maps,AllTrails,Cape Town Tourism","start hikes early,carry water,apply sunscreen"
amsterdam,summer,biking and sightseeing,"bike helmet,water bottle,comfortable clothes,camera","vondelpark,rijksmuseum,anne frank house,jordaan,canal belt","9292,Google Maps,Fiets","wear helmet,lock bike securely,book museums early"
dubai,summer,sightseeing,"sunscreen,hat,comfortable shoes,camera","burj khalifa,dubai mall,palm jumeirah,dubai fountain,jumeirah mosque","Careem,Google Maps,The Entertainer","stay hydrated,carry water,book desert safari"
new york,summer,sightseeing,"sunglasses,camera,light jacket,water bottle,hat","central park,times square,rockefeller center,statue of liberty,empire state building,broadway","citymapper,opentable,google maps","get metrocards,stay hydrated,book tickets online"
toronto,spring,sightseeing,"comfortable shoes,umbrella,camera,light jacket","niagara falls,cn tower,royal ontario museum,distillery district,toronto island park","TTC app,Google Maps,TripAdvisor","buy transit pass,wear layers,book museums"
mexico city,autumn,cultural tour,"comfortable shoes,hat,camera,water bottle,sunscreen","zocalo,chapultepec castle,frida kahlo museum,churubusco park,angel of independence","Google Maps,Moovit,TripAdvisor","carry cash,drink bottled water,learn basic spanish"
miami,summer,beach,"swimsuit,sunscreen,sunglasses,hat,flip flops","south beach,lummus park,wynwood walls,bayside marketplace,jungle island","Google Maps,Citymapper,TripAdvisor","stay hydrated,use sunscreen,avoid midday sun"
vancouver,summer,hiking and sightseeing,"hiking boots,water bottle,jacket,camera,sunglasses","stanley park,grouse mountain,capilano suspension bridge,granville island,queen elizabeth park","Google Maps,AllTrails,TripAdvisor","carry water,start hikes early,check weather"
montreal,fall,cultural tour,"jacket,comfortable shoes,umbrella,camera","old montreal,mount royal park,notre dame basilica,biodome,picnic island","STM app,Google Maps,TripAdvisor","dress warmly,buy museum passes,try local food"
boston,spring,sightseeing,"comfortable shoes,camera,water bottle,light jacket","freedom trail,faneuil hall,boston common,new england aquarium,isabella stewart gardner museum","MBTA app,Google Maps,TripAdvisor","wear comfortable shoes,buy tickets early,carry water"
chicago,summer,sightseeing,"sunglasses,camera,hat,water bottle,comfortable shoes","millennium park,navy pier,willis tower,michigan avenue,art institute of chicago","CTA app,Google Maps,OpenTable","stay hydrated,book tours ahead,wear sunscreen"
rio de janeiro,summer,beach and sightseeing,"swimsuit,sunscreen,hat,camera,flip flops","copacabana beach,christ the redeemer,sugarloaf mountain,ipanema beach,brazilian museum","Google Maps,Rio Guide,Cultura Rio","stay hydrated,avoid crowded areas,apply sunscreen"
guadalajara,spring,cultural tour,"comfortable shoes,hat,camera,sunscreen,water bottle","teatro degollado,guadalajara cathedral,zoological park,antigua plaza,plaza tapatia","Google Maps,Moovit,TripAdvisor","wear comfortable shoes,use sunscreen,carry cash"
san francisco,summer,sightseeing,"jacket,comfortable shoes,camera,water bottle,tourist map","golden gate bridge,fisherman’s wharf,alcatraz island,chinatown,lombard street","Google Maps,Citymapper,SFMTA","carry jacket,book tours in advance,use public transport"
washington dc,autumn,sightseeing,"comfortable shoes,camera,umbrella,light jacket","national mall,smithsonian museums,lincoln memorial,us capitol,george washington monument","Metro app,Google Maps,OpenTable","buy metro cards,buy tickets early,carry water"
lima,summer,cultural tour,"comfortable shoes,sunscreen,hat,camera","plaza mayor,larcomar,museo larco,huaca pucllana,parque kennedy","Google Maps,Moovit,TripAdvisor","drink bottled water,carry cash,wear sunscreen"
calgary,summer,outdoor and sightseeing,"jacket,comfortable shoes,camera,water bottle,sunglasses","calgary zoo,banff national park,calgary tower,heritage park,fisher park","Calgary Transit app,Google Maps,TripAdvisor","carry water,check weather,start hikes early"
atlanta,fall,sightseeing,"comfortable shoes,jacket,camera,water bottle","georgia aquarium,piedmont park,martin luther king jr national historic site,coca-cola museum,high museum","MARTA app,Google Maps,OpenTable","wear layers,buy tickets early,carry water"
san diego,summer,beach and sightseeing,"swimsuit,sunscreen,hat,camera,flip flops","la jolla cove,san diego zoo,balboa park,coronado island,gaslamp quarter","Google Maps,MTS app,TripAdvisor","apply sunscreen,stay hydrated,book tours early"
montevideo,autumn,cultural and beach,"comfortable shoes,umbrella,camera,sunscreen","plaza independencia,mercado del puerto,museo blanes,montevideo old town,playa malvin","Google Maps,Movete,TripAdvisor","carry water,use sunscreen,wear comfortable shoes"
new orleans,autumn,cultural sightseeing,"comfortable shoes,hat,camera,water bottle","french quarter,jackson square,new orleans museum of art,bayonne swamp,treme neighborhood","Google Maps,Streetcar app,TripAdvisor","wear comfortable shoes,try local food,carry water"
ottawa,spring,sightseeing,"comfortable shoes,umbrella,water bottle,camera","parliament hill,rideau canal,national gallery,byward market,diefenbunker museum","OC Transpo,Google Maps,TripAdvisor","buy transit pass,buy tickets early,carry water"
nassau,summer,beach and sightseeing,"swimsuit,sunscreen,sunglasses,hat,flip flops","cable beach,blue lagoon island,paradise island,queen's staircase,clifton heritage national park","Google Maps,TripAdvisor,Nassau Transit","apply sunscreen,carry water,avoid midday sun"
guatemala city,winter,cultural tour,"comfortable shoes,hat,camera,sunscreen,water bottle","plaza mayor,museo nacional de arqueologia,central market,catedral metropolitana,lago de atitlan","Google Maps,TransMetro,TripAdvisor","carry cash,drink bottled water,wear sunscreen"
panama city,summer,sightseeing,"comfortable clothes,sunglasses,water bottle,camera","panama canal,casco viejo,biodiversity museum,amador causeway,metropolitan natural park","MiBus app,Google Maps,TripAdvisor","stay hydrated,carry cash,book tours early"
puerto rico,summer,beach and nature,"swimsuit,sunscreen,hat,camera,water bottle","el yunque rainforest,san juan fort,luquillo beach,old san juan,bioluminescent bay","Google Maps,TripAdvisor,Public transport guides","apply sunscreen,carry water,try local food"
buenos aires,autumn,cultural tour,"comfortable shoes,hat,camera,water bottle","la boca,recoleta cemetery,teatro colon,plaza de mayo,malba museum","Google Maps,Subte app,TripAdvisor","carry cash,wake early,sample local cuisine"
sao paulo,summer,cultural and urban,"comfortable shoes,umbrella,camera,water bottle","ibiraquera park,museum of art,pinacoteca,sao paulo cathedral,paulista avenue","SPTrans app,Google Maps,TripAdvisor","use public transport,stay hydrated,plan itinerary"
kingston,summer,cultural tour,"comfortable shoes,sunscreen,hat,camera","bob marley museum,devon house,downtown kingston,port royal,emancipation park","Google Maps,TripAdvisor,Kingston Transit","carry sunscreen,drink water,wear hat"
calgary,winter,winter sports,"warm clothes,boots,hat,camera,gloves","canmore,bow river,calgary tower,kananaskis country,heritage park","Calgary Transit app,Google Maps,TripAdvisor","dress warmly,carry emergency kit,buy tickets early"
mexico city,summer,cultural sightseeing,"light clothes,sunscreen,hat,camera","anthropology museum,zocalo,chapultepec park,tempel mayor,frida kahlo museum","Google Maps,Metro app,TripAdvisor","carry water,wear sunscreen,book tours"
tampa,summer,beach and family,"swimsuit,sunscreen,flip flops,hat,camera","busch gardens,clearwater beach,fort desoto park,ybor city,aquarium","Google Maps,TripAdvisor,City Bus App","apply sunscreen,hydrate often,wake early"
california coast,summer,road trip,"sunglasses,sunscreen,camera,navigation device,water bottle","big sur,santa cruz,monterey,carmel,malibu","Google Maps,Waze,TripAdvisor","plan stops,carry water,check traffic"
portland,summer,outdoor sightseeing,"comfortable shoes,sunscreen,hat,camera","washington park,oregon zoo,portland art museum,food trucks,international rose test garden","TriMet app,Google Maps,TripAdvisor","wear sunscreen,carry water,buy transit pass"
quito,autumn,cultural and hiking,"hiking boots,umbrella,umbrella,camera,water bottle","old town,mitad del mundo,panecillo hill,guapulo district,la ropa waterfall","Google Maps,Transporte Quito,TripAdvisor","carry water,wear layers,buy tickets early"
jackson hole,winter,skiing,"ski gear,warm clothes,gloves,hat,camera","jackson hole mountain,wildlife refuge,downtown jackson,grand teton national park,seven mile hill","Google Maps,Local Transit App,TripAdvisor","dress warmly,buy lift tickets early,carry emergency supplies"
nashville,spring,cultural and music,"comfortable shoes,camera,water bottle,sunscreen","grand ole opry,parthenon,centennial park,ryman auditorium,bluebird cafe","Google Maps,MTA Nashville,TripAdvisor","wear comfortable shoes,buy event tickets early,carry water"
salt lake city,winter,skiing and sightseeing,"ski gear,warm clothes,camera,hat,gloves","temple square,bryce canyon,zion national park,mount olympus,antelope island","UTA app,Google Maps,TripAdvisor","dress warmly,carry emergency kit,buy lift tickets"
caracas,summer,cultural tour,"light clothes,sunscreen,camera,hat,water bottle","avila national park,museo de arte,plaza bolivar,parque central,telescopio","Google Maps,Metro app,TripAdvisor","carry water,wear sunscreen,avoid unsafe areas"
halifax,summer,sightseeing and outdoor,"waterproof jacket,comfortable shoes,camera,hat,water bottle","citadel hill,pearl macmullen house,public gardens,maritime museum,halifax waterfront","Halifax Transit App,Google Maps,TripAdvisor","carry rain gear,book tours early,wear layers"
guayaquil,summer,river tours and culture,"light clothes,sunscreen,camera,hat,water bottle","malecon 2000,cerro santa ana,plaza majadas,malecon del salado,parque seminario","Google Maps,Transporte Guayaquil,TripAdvisor","carry sunscreen,drink bottled water,wear hat"
asheville,autumn,hiking and culture,"comfortable hiking boots,jacket,camera,water bottle","blue ridge parkway,biltmore estate,asheville art museum,riverside park,west african heritage center","Go AVL app,Google Maps,TripAdvisor","carry water,wear layers,plan ahead"
hartford,winter,sightseeing,"warm coat,camera,comfortable shoes,umbrella,gloves","mark twain house,wadsworth atheneum,connecticut science center,harriet beecher stowe center,riverfront plaza","CTTransit app,Google Maps,TripAdvisor","dress warmly,carry umbrella,book museums ahead"
san juan,summer,beach and historic,"swimsuit,sunscreen,sunglasses,hat,camera","old san juan,castillo san felipe,condado beach,el yunque,la fortaleza","Google Maps,TripAdvisor,Local Transit Guide","use sunscreen,hydra hydrate,wake early"
hartford,spring,sightseeing,"light jacket,comfortable shoes,camera,water bottle,umbrella","mark twain house,wadsworth atheneum,connecticut science center,harriet beecher stowe center,riverfront plaza","CTTransit app,Google Maps,TripAdvisor","wear layers,buy tickets early,carry umbrella"
detroit,summer,urban and cultural,"comfortable shoes,camera,water bottle,sunscreen","ford museum,detroit institute of arts,motown museum,belle isle park,greektown","DDOT app,Google Maps,TripAdvisor","stay hydrated,book tours early,wear sunscreen"
minneapolis,summer,outdoor and cultural,"comfortable shoes,camera,sunscreen,hat,water bottle","walker art center,minneapolis sculpture garden,minnesota zoo,target field,mall of america","Metro Transit app,Google Maps,TripAdvisor","wear sunscreen,carry water,buy public transit pass"
halifax,autumn,sightseeing,"light jacket,comfortable shoes,camera,water bottle","citadel hill,public gardens,maritime museum,alexander keith's brewery,halifax waterfront","Halifax Transit App,Google Maps,TripAdvisor","wear layers,carry water,book tours"
phoenix,summer,desert and sightseeing,"sunhat,sunscreen,water bottle,camera,sunglasses","desert botanical garden,camelback mountain,heard museum,roosevelt row,tempe town lake","Valley Metro App,Google Maps,TripAdvisor","stay hydrated,avoid midday sun,wake early"
san antonio,spring,cultural sightseeing,"comfortable shoes,camera,water bottle,hat","alamo,river walk,sansebastian plaza,museum reach,buckhorn saloon","VIA Metropolitan Transit,Google Maps,TripAdvisor","wear comfortable shoes,carry water,try local food"
salt lake city,summer,outdoor and urban,"comfortable shoes,sunscreen,hat,camera,water bottle","temple square,mountain view,liberty park,bryce canyon,state capitol","UTA app,Google Maps,TripAdvisor","carry water,use sunscreen,plan transportation"
winnipeg,summer,outdoor and cultural,"comfortable shoes,sunscreen,camera,water bottle","canadian museum for human rights,the forks,assiniboine park,warren park,manitoba museum","Winnipeg Transit App,Google Maps,TripAdvisor","carry sunscreen,plan itinerary,wear comfortable shoes"
monton,autumn,cultural and outdoor,"comfortable shoes,jacket,umbrella,camera","yellowstone,glacier national park,brewery district,fish creek provincial park,lichfield jewel","Google Maps,TripAdvisor","wear layers,carry water,book tours early"
miami,autumn,beach and urban,"swimsuit,sunscreen,hat,camera,flip flops","south beach,lummus park,wynwood walls,bayside marketplace,jungle island","Google Maps,Citymapper,TripAdvisor","apply sunscreen,stay hydrated,wear hat"
washington dc,summer,sightseeing,"comfortable shoes,camera,hat,water bottle,umbrella","national mall,lincoln memorial,smithsonian museums,us capitol,george washington monument","Metro app,Google Maps,OpenTable","buy metro cards,stay hydrated,buy tickets early"
portland,autumn,outdoor and cultural,"comfortable shoes,jacket,umbrella,camera,water bottle","washington park,international rose test garden,oregon zoo,food trucks,portland art museum","TriMet app,Google Maps,TripAdvisor","wear layers,carry water,check weather"
houston,summer,urban sightseeing,"comfortable clothes,sunscreen,camera,water bottle,hat","space center houston,houston museum of natural science,houston zoo,museum district,discovery green","METRO app,Google Maps,TripAdvisor","stay hydrated,use sunscreen,plan transport"
philadelphia,autumn,cultural and historical,"comfortable shoes,jacket,umbrella,camera,water bottle","liberty bell,independence hall,museum of art,reading terminal market,philadelphia zoo","SEPTA app,Google Maps,TripAdvisor","wear layers,buy tickets early,carry water"
atlanta,summer,museums and outdoor,"comfortable shoes,sunscreen,hat,camera,water bottle","georgia aquarium,centennial olympic park,martin luther king jr national historic site,coca-cola museum,high museum","MARTA app,Google Maps,TripAdvisor","apply sunscreen,stay hydrated,carry water"
las vegas,winter,entertainment,"comfortable clothes,camera,hat,water bottle","the strip,bellagio fountains,fremont street,mob museum,red rock canyon","RTC Transit,Google Maps,TripAdvisor","dress warmly at night,plan shows,carry water"
miami,autumn,beach and nightlife,"swimsuit,sunscreen,hat,flip flops,camera","south beach,wynwood walls,bayside marketplace,jungle island,art deco district","Citymapper,Google Maps,TripAdvisor","stay hydrated,use sunscreen,plan transport"
kathmandu,spring,cultural tour,"comfortable shoes,hat,camera,water bottle,sunscreen","boudhanath stupa,pashupatinath temple,thamel,durbar square,nagarkot","Google Maps,Pathao,TripAdvisor","carry water,wear sunscreen,buy local SIM"
pokhara,autumn,hiking and sightseeing,"hiking boots,jacket,camera,water bottle","phewa lake,devil's fall,annapurna base camp,dhampus village,peace stupa","Google Maps,TripAdvisor,Pathao","start hikes early,carry water,respsect local culture"
varanasi,spring,cultural tour,"comfortable shoes,sunscreen,hat,camera,water bottle","ghats of ganges,kashi vishwanath temple,dasarath ghat,assi ghat,sarnath","Google Maps,Uber,TripAdvisor","carry cash,wear comfortable shoes,be cautious near water"
delhi,autumn,sightseeing,"comfortable shoes,sunscreen,hat,camera,water bottle","qutub minar,india gate,lotus temple,red fort,humayun's tomb","Google Maps,Uber,TripAdvisor","carry water,use public transport,avoid peak hours"
mumbai,summer,urban sightseeing,"light clothes,sunscreen,camera,hat,water bottle","gateway of india,marine drive,elephanta caves,chhatrapati shivaji terminus,juhu beach","Google Maps,Ola,TripAdvisor","stay hydrated,carry cash,avoid crowded places"
islamabad,autumn,cultural sightseeing,"light jacket,comfortable shoes,camera,water bottle,umbrella","faisal mosque,daman-e-koh, Pakistan monument,Rawal lake,centaurus mall","Google Maps,Uber,Peshawar app","carry water,wear comfortable shoes,plan transport"
lahore,winter,cultural tour,"warm clothes,comfortable shoes,camera,water bottle,umbrella","badshahi mosque,lahore fort,shalimar gardens,wagah border,minar-e-pakistan","Google Maps,Careem,TripAdvisor","dress warmly,carry water,avoid peak hours"
pokhara,spring,hiking and nature,"hiking boots,jacket,camera,water bottle","annapurna base camp,phewa lake,devil's fall,sarangkot,peace stupa","Google Maps,TripAdvisor,Pathao","start hikes early,carry water,respect local traditions"
agra,autumn,tourism,"comfortable shoes,camera,water bottle,sunscreen,hat","taj mahal,agra fort,fatehpur sikri,mehtab bagh,itmad-ud-daulah's tomb","Google Maps,Ola,TripAdvisor","buy tickets in advance,carry water,wear sunscreen"
bikaner,summer,cultural sightseeing,"hat,sunscreen,comfortable shoes,camera,water bottle","junagarh fort,kamla nehru zoo,lalgarh palace,karni mata temple,government museum","Google Maps,Ola,TripAdvisor","stay hydrated,carry cash,avoid midday heat"
kanpur,winter,sightseeing,"warm clothes,comfortable shoes,camera,water bottle,umbrella","janaath temple,benteng park,kanpur zoo,moti jheel,bhagwan birsa sainik park","Google Maps,Ola,TripAdvisor","dress warmly,carry water,plan trips early"
allahabad,spring,cultural sightseeing,"comfortable shoes,sunscreen,hat,camera,water bottle","sangam,hannah museum,ankit gol,anand bhavan,khusro bagh","Google Maps,Ola,TripAdvisor","carry cash,wear sunscreen,carry water"
bihar sarnath,autumn,religious tourism,"comfortable shoes,umbrella,camera,water bottle","dhamek stupa,mulagandhakuti vihara,sarnath museum,char dham","Google Maps,Ola,TripAdvisor","carry water,wear comfortable shoes,avoid crowds"
hyderabad,summer,urban sightseeing,"light clothes,sunscreen,camera,hat,water bottle","charminar,goshamahal palace,necropolishussain sagar lake,landi kutta","Google Maps,Ola,TripAdvisor","stay hydrated,carry cash,use rideshare apps"
peshawar,autumn,cultural tour,"comfortable shoes,hat,camera,water bottle,sunscreen","qissa khwani bazar,bala hissar fort,mahabat khan mosque,church of england","Google Maps,Peshawar app,Careem","carry water,wear comfortable shoes,avoid crowded places"
chitwan,spring,nature and wildlife,"comfortable clothes,bug spray,camera,hat,water bottle","chitwan national park,rapti river,tiger research center,elephant breeding center","Google Maps,TripAdvisor,Pathao","carry bug spray,start early,wear comfortable clothes"
varanasi,summer,cultural tour,"light clothes,sunscreen,hat,camera,water bottle","ghats,ganga aarti,kashi vishwanath temple,assighat,dashashwamedh ghat","Google Maps,Uber,TripAdvisor","stay hydrated,wear sunscreen,carry cash"
rishikesh,autumn,spiritual and adventure,"comfortable clothes,yoga mat,sunscreen,camera,water bottle","laxman jhula,bharat mandir,triveni ghat,swarg ashram,yoga centers","Google Maps,Ola,TripAdvisor","carry water,respect customs,book yoga classes"
amritsar,winter,cultural and religious,"warm clothes,comfortable shoes,camera,water bottle","golden temple,jallianwala bagh,wagah border,durgiana temple,jallianwala park","Google Maps,Ola,TripAdvisor","dress warmly,carry water,be respectful"
bhopal,summer,historical sightseeing,"light clothes,sunscreen,camera,hat,water bottle","taj-ul-masajid,bhojpur temple,islamic museum,van vihar national park,kamal hills","Google Maps,Ola,TripAdvisor","stay hydrated,carry cash,wear sunscreen"
mandi,spring,river sightseeing,"comfortable shoes,jacket,camera,water bottle","beas river,bhasha bhai bridge,mandi fort,suketi fossil park,trilokinath temple","Google Maps,Ola,TripAdvisor","start early,carry water,wear layers"
udaipur,autumn,cultural tour,"comfortable shoes,camera,water bottle,sunscreen,hat","city palace,lake pichola,jag mandir,jagdish temple,fatehsagar lake","Google Maps,Ola,TripAdvisor","wear sunscreen,carry water,book boat rides"
islamabad,summer,sightseeing,"light clothes,sunscreen,camera,water bottle,hat","faisal mosque,daman-e-koh,monal restaurant,rawal lake,centaurus mall","Google Maps,Careem,TripAdvisor","stay hydrated,wake early,carry cash"
jaipur,summer,cultural sightseeing,"light clothes,sunscreen,camera,hat,water bottle","amber fort,hawa mahal,city palace,jantar mantar,jal mahal","Google Maps,Ola,TripAdvisor","apply sunscreen,carry water,book guided tours"
gurgaon,winter,urban sightseeing,"warm clothes,camera,comfortable shoes,water bottle","kingdom of dreams,sikanderpur metro station,ambience mall,leisure valley park,buddha park","Google Maps,Ola,TripAdvisor","dress warmly,carry water,plan transport"
goa,summer,beaches and nightlife,"swimsuit,sunscreen,hat,flip flops,camera","baga beach,calangute beach,anjuna flea market,basilica of bom jesus,titos lane","Google Maps,Ola,TripAdvisor","apply sunscreen,stay hydrated,carry cash"
srinagar,autumn,nature and culture,"jacket,comfortable shoes,camera,water bottle,scarf","dal lake,shankaracharya temple,nishat gardens,mughal gardens,pari mahal","Google Maps,Ola,TripAdvisor","wear layers,carry water,respect local customs"
leh,winter,adventure and trekking,"thermal clothes,ski gloves,jacket,camera,boots","pangong lake,thiksey monastery,nubra valley,khardung la pass,shanti stupa","Google Maps,Ola,TripAdvisor","dress warmly,carry emergency supplies,acclimatize gradually"
surat,summer,urban and cultural,"light clothes,sunscreen,camera,hat,water bottle","surat castle,dumas beach,sardar patel museum,surat science center,chintamani Jain temple","Google Maps,Ola,TripAdvisor","stay hydrated,carry cash,try local food"
pune,winter,cultural and sightseeing,"warm clothes,camera,comfortable shoes,water bottle","agar pahad,shaniwar wada,pataleshwar caves,shreemant dagdusheth halwai ganpati temple,pune okayama friendship gardens","Google Maps,Ola,TripAdvisor","dress warmly,carry water,book tours"
allahabad,summer,river and cultural,"light clothes,sunscreen,hat,camera,water bottle","sangam,hanuman mandir,khusro bagh,allahabad fort,anand bhavan","Google Maps,Ola,TripAdvisor","wear sunscreen,carry water,book boat rides"
bhutanagarh,autumn,tourism,"comfortable shoes,jacket,camera,water bottle","siliguri hq,coronation park,coronation museum,wantok park,tinamari","Google Maps,Ola,TripAdvisor","respect local culture,carry water,wear comfortable shoes"
mumbai,winter,urban sightseeing,"warm clothes,comfortable shoes,camera,water bottle","gateway of india,marine drive,elephanta caves,juhu beach,chhatrapati shivaji terminus","Google Maps,Ola,TripAdvisor","dress warmly,carry cash,stay hydrated"
karachi,summer,beach and sightseeing,"light clothes,sunscreen,hat,camera,water bottle","clifton beach,quaid-e-azam mausoleum,pakistan maritime museum,mohatta palace,itwd beach","Google Maps,Careem,TripAdvisor","apply sunscreen,avoid midday heat,stay hydrated"
shimla,winter,skiing and sightseeing,"thermal clothes,jacket,hat,camera,gloves","the ridge,mall road,christ church,jhakri falls,kufri","Google Maps,Ola,TripAdvisor","dress warmly,start hikes early,carry emergency supplies"
nagpur,summer,cultural tour,"light clothes,sunscreen,camera,hat,water bottle","deekshabhoomi,buddha mandir,ambazari lake,zero mile stone,semi arid park","Google Maps,Ola,TripAdvisor","stay hydrated,carry cash,wear hat"
allahabad,winter,sightseeing,"warm clothes,camera,comfortable shoes,water bottle,umbrella","sangam,hannah museum,ankit gol,anand bhavan,khusro bagh","Google Maps,Ola,TripAdvisor","dress warmly,carry water,plan trips early"
uddipur,summer,cultural sightseeing,"light clothes,sunscreen,camera,hat,water bottle","city palace,lake pichola,jag mandir,jagdish temple,fatehsagar lake","Google Maps,Ola,TripAdvisor","stay hydrated,wear sunscreen,book boat rides"
chandigarh,autumn,sightseeing,"comfortable shoes,jacket,camera,water bottle,umbrella","rock garden,sukhna lake,rose garden,museum and art gallery,capitol complex","Google Maps,Ola,TripAdvisor","wear layers,carry water,avoid crowds"
allahabad,spring,cultural sightseeing,"comfortable shoes,sunscreen,hat,camera,water bottle","sangam,hannah museum,ankit gol,anand bhavan,khusro bagh","Google Maps,Ola,TripAdvisor","carry cash,wear sunscreen,carry water"
jaipur,autumn,cultural sightseeing,"comfortable shoes,camera,water bottle,sunscreen,hat","amber fort,hawa mahal,city palace,jantar mantar,jal mahal","Google Maps,Ola,TripAdvisor","wear sunscreen,carry water,book guided tours"
leh,winter,adventure and trekking,"thermal clothes,ski gloves,jacket,camera,boots","pangong lake,thiksey monastery,nubra valley,khardung la pass,shanti stupa","Google Maps,Ola,TripAdvisor","dress warmly,carry emergency supplies,acclimatize gradually"
pakistan islamabad,winter,sightseeing,"warm clothes,camera,comfortable shoes,water bottle,umbrella","faisal mosque,daman-e-koh,monal restaurant,rawal lake,centaurus mall","Google Maps,Careem,TripAdvisor","dress warmly,carry water,avoid peak hours"
pakistan lahore,winter,cultural tour,"warm clothes,comfortable shoes,camera,water bottle,umbrella","badshahi mosque,lahore fort,shalimar gardens,wagah border,minar-e-pakistan","Google Maps,Careem,TripAdvisor","dress warmly,carry water,avoid peak hours"
pakistan karachi,summer,beach and sightseeing,"light clothes,sunscreen,hat,camera,water bottle","clifton beach,quaid-e-azam mausoleum,pakistan maritime museum,mohatta palace,itwd beach","Google Maps,Careem,TripAdvisor","apply sunscreen,avoid midday heat,stay hydrated"
pakistan peshawar,autumn,cultural tour,"comfortable shoes,hat,camera,water bottle,sunscreen","qissa khwani bazar,bala hissar fort,mahabat khan mosque,church of england","Google Maps,Peshawar app,Careem","carry water,wear comfortable shoes,avoid crowded places"
pakistan gujranwala,summer,cultural sightseeing,"light clothes,sunscreen,camera,hat,water bottle","shivala gujranwala,bagh-e-jinnah,chief court,ghari khata,ghas mandi","Google Maps,Careem,TripAdvisor","stay hydrated,carry cash,wear sunscreen"
nepal kathmandu,winter,cultural tour,"warm clothes,comfortable shoes,camera,water bottle,umbrella","boudhanath stupa,pashupatinath temple,thamel,durbar square,nagarkot","Google Maps,Pathao,TripAdvisor","carry water,wear sunscreen,buy local SIM"
nepal pokhara,spring,hiking and sightseeing,"hiking boots,jacket,camera,water bottle","phewa lake,devil's fall,annapurna base camp,dhampus village,peace stupa","Google Maps,TripAdvisor,Pathao","start hikes early,carry water,respsect local culture"
nepal kathmandu,spring,cultural tour,"comfortable shoes,hat,camera,water bottle,sunscreen","boudhanath stupa,pashupatinath temple,thamel,durbar square,nagarkot","Google Maps,Pathao,TripAdvisor","carry water,wear sunscreen,buy local SIM"
india varanasi,autumn,cultural tour,"comfortable shoes,sunscreen,hat,camera,water bottle","ghats of ganges,kashi vishwanath temple,dasarath ghat,assi ghat,sarnath","Google Maps,Uber,TripAdvisor","carry cash,wear comfortable shoes,be cautious near water"
india delhi,summer,sightseeing,"light clothes,sunscreen,hat,camera,water bottle","qutub minar,india gate,lotus temple,red fort,humayun's tomb","Google Maps,Uber,TripAdvisor","carry water,use public transport,avoid peak hours"
india mumbai,summer,urban sightseeing,"light clothes,sunscreen,camera,hat,water bottle","gateway of india,marine drive,elephanta caves,chhatrapati shivaji terminus,juhu beach","Google Maps,Ola,TripAdvisor","stay hydrated,carry cash,avoid crowded places"
pakistan islamabad,autumn,cultural sightseeing,"light jacket,comfortable shoes,camera,water bottle,umbrella","faisal mosque,daman-e-koh, Pakistan monument,Rawal lake,centaurus mall","Google Maps,Uber,Peshawar app","carry water,wear comfortable shoes,plan transport"
pakistan lahore,winter,cultural tour,"warm clothes,comfortable shoes,camera,water bottle,umbrella","badshahi mosque,lahore fort,shalimar gardens,wagah border,minar-e-pakistan","Google Maps,Careem,TripAdvisor","dress warmly,carry water,avoid peak hours"
